name;number_of_records;completeness;accuracy;reliability;timeliness;consistancy
CRC1;20;0.630952381;;;;
CRC2;20;0.604761905;;;;
CRC3;20;0.564285714;;;;
CRC4;20;0.576190476;;;;
CRC5;20;0.564285714;;;;
CRC6;20;0.511904762;;;;
CRC7;20;0.585714286;;;;
CRC8;20;0.526190476;;;;
CRC9;20;0.514285714;;;;
CRC10;26;0.534798535;;;;
